period,area,area_slug,median_monthly_rent_idr
2026-08,Berawa,berawa,43000000
2026-08,Canggu,canggu,43000000
2026-08,Denpasar,denpasar,41250000
2026-08,Jimbaran,jimbaran,30000000
2026-08,Kuta,kuta,40000000
2026-08,Legian,legian,42800000
2026-08,Nusa Dua,nusa-dua,28000000
2026-08,Pererenan,pererenan,43000000
2026-08,Sanur,sanur,28080000
2026-08,Seminyak,seminyak,42800000
2026-08,Tabanan,tabanan,37000000
2026-08,Ubud,ubud,43600000
2026-08,Uluwatu,uluwatu,38000000
2026-09,Berawa,berawa,45000000
2026-09,Canggu,canggu,43200000
2026-09,Cemagi,cemagi,35000000
2026-09,Jimbaran,jimbaran,34000000
2026-09,Legian,legian,140500000
2026-09,Nusa Dua,nusa-dua,28000000
2026-09,Pererenan,pererenan,38000000
2026-09,Sanur,sanur,22500000
2026-09,Seminyak,seminyak,35000000
2026-09,Seseh,seseh,44000000
2026-09,Tabanan,tabanan,33500000
2026-09,Ubud,ubud,36720000
2026-09,Uluwatu,uluwatu,35320000
