period,area,area_slug,listings,median_idr,p10_idr,p90_idr,median_change_vs_previous_month_pct,captured_at_utc
2026-09,Berawa,berawa,20,4825000000,1925000000,8869974300,0.7,2026-09-02T01:30:00.0053177
2026-09,Canggu,canggu,52,4550000000,2066740000,10912453200,-4.6,2026-09-02T01:30:00.0053177
2026-09,Cemagi,cemagi,10,4900000000,2590000000,8920000000,,2026-09-02T01:30:00.0053177
2026-09,Jimbaran,jimbaran,11,3900000000,2211000000,12500000000,-9.3,2026-09-02T01:30:00.0053177
2026-09,Legian,legian,4,6553949922,,,36.8,2026-09-02T01:30:00.0053177
2026-09,Nusa Dua,nusa-dua,10,5025000000,2840000000,15100000000,27.2,2026-09-02T01:30:00.0053177
2026-09,Pererenan,pererenan,16,5737677000,3893988000,12728080000,19.8,2026-09-02T01:30:00.0053177
2026-09,Sanur,sanur,10,3922500000,1980000000,6640000000,-21.6,2026-09-02T01:30:00.0053177
2026-09,Seminyak,seminyak,10,5250000000,4484502496,11080924883,5,2026-09-02T01:30:00.0053177
2026-09,Seseh,seseh,8,10600000000,,,,2026-09-02T01:30:00.0053177
2026-09,Tabanan,tabanan,32,4453750000,1661277300,8860000000,0.6,2026-09-02T01:30:00.0053177
2026-09,Ubud,ubud,29,4600000000,1849000000,10659216600,-3.2,2026-09-02T01:30:00.0053177
2026-09,Uluwatu,uluwatu,24,4079000000,1993300000,10121537600,0,2026-09-02T01:30:00.0053177
2026-10,Berawa,berawa,14,3800000000,1775000000,6671000000,-21.2,2026-10-02T01:30:00.003305
2026-10,Canggu,canggu,39,4600000000,1930000000,9640000000,1.1,2026-10-02T01:30:00.003305
2026-10,Cemagi,cemagi,9,6000000000,,,22.4,2026-10-02T01:30:00.003305
2026-10,Jimbaran,jimbaran,8,3075000000,,,-21.2,2026-10-02T01:30:00.003305
2026-10,Nusa Dua,nusa-dua,10,5025000000,2840000000,15100000000,0,2026-10-02T01:30:00.003305
2026-10,Pererenan,pererenan,7,6020000000,,,4.9,2026-10-02T01:30:00.003305
2026-10,Sanur,sanur,9,4255000000,,,8.5,2026-10-02T01:30:00.003305
2026-10,Seminyak,seminyak,6,5250000000,,,0,2026-10-02T01:30:00.003305
2026-10,Seseh,seseh,6,10600000000,,,0,2026-10-02T01:30:00.003305
2026-10,Tabanan,tabanan,30,4600000000,1652692300,8939225000,3.3,2026-10-02T01:30:00.003305
2026-10,Ubud,ubud,26,4950000000,1154500000,11201700000,7.6,2026-10-02T01:30:00.003305
2026-10,Uluwatu,uluwatu,16,3488742125,2010000000,5788125000,-14.5,2026-10-02T01:30:00.003305
